tag,"Phenol_T, 3110, MassFrac. of PHENOL, kg/kg","Phenol_W, 3106, MassFrac. of PHENOL, kg/kg","Phenol_O, 3109, MassFrac. of PHENOL, kg/kg","AMS, S13, MassFrac. of AMS, kg/kg","QR, C311, QR, kg/hr",PHL-DCS-FIC3103_PV,"3101, MassFrac. of ACETONE, kg/kg","3101, MassFrac. of CUMENE, kg/kg","3101, MassFrac. of PHENOL, kg/kg","3101, MassFrac. of WATER, kg/kg",PHL-DCS-FIC3114_PV,PHL-DCS-TIC3103_PV,PHL-DCS-TIC3112_PV
2020/5/22 04:00,,0.1292,0.635,0.0285,27221.43394,0.90042225,0.006458671,-0.006922749,0.008190665,-0.000796666,1.198715134,-0.1098347,-0.3775912
,,,,,,0.90090654,0.006458671,-0.006922749,0.008190665,-0.000796666,1.184244848,-0.140074,-0.2124256
,,,,,,0.89583662,0.006458671,-0.006922749,0.008190665,-0.000796666,1.206066477,-0.0776294,0.1083536
,,,,,,0.90671341,0.006458671,-0.006922749,0.008190665,-0.000796666,1.207435297,-0.0545882,0.446536
,,,,,,0.89722263,0.006458671,-0.006922749,0.008190665,-0.000796666,1.208258427,-0.0188009,0.8217374
,,,,,,0.89475802,0.006458671,-0.006922749,0.008190665,-0.000796666,1.210241027,-0.0460767,1.2679626
,,,,,,0.90109499,0.006458671,-0.006922749,0.008190665,-0.000796666,1.209260757,-0.0389795,1.9557004
,,,,,,0.90388043,0.006458671,-0.006922749,0.008190665,-0.000796666,1.181080008,-0.0271981,2.9291128
,,,,,,0.90427792,0.006458671,-0.006922749,0.008190665,-0.000796666,1.209996187,-0.0753419,3.9492776
,,,,,,0.89623038,0.006458671,-0.006922749,0.008190665,-0.000796666,1.213572527,-0.082945,4.9829549
,,,,,,0.90140224,0.006458671,-0.006922749,0.008190665,-0.000796666,1.211328457,-0.0592467,6.0589159
,,,,,,0.90048141,0.006458671,-0.006922749,0.008190665,-0.000796666,1.473430297,-0.0350967,6.9618669
,,,,,,0.90223685,0.006458671,-0.006922749,0.008190665,-0.000796666,1.496092457,-0.0615133,7.9220643
,,,,,,0.90326217,0.006458671,-0.006922749,0.008190665,-0.000796666,1.678781787,-0.1151449,8.4674754
,,,,,,0.89990955,0.006458671,-0.006922749,0.008190665,-0.000796666,1.683528977,-0.1258136,8.8669723
2020/5/22 08:00,,0.2984,0.1823,0.0311,27023.46388,0.8971757,0.002695671,-0.008027749,0.002115665,0.005155334,1.397938557,-0.12481,8.1973571
,,,,,,0.90530733,0.002695671,-0.008027749,0.002115665,0.005155334,1.399398067,-0.170751,7.9821632
,,,,,,0.8992812,0.002695671,-0.008027749,0.002115665,0.005155334,1.399139707,-0.1526256,7.8617108
,,,,,,0.89724864,0.002695671,-0.008027749,0.002115665,0.005155334,1.410459837,-0.1639117,7.7150186
,,,,,,0.90375788,0.002695671,-0.008027749,0.002115665,0.005155334,1.392330387,-0.1805592,7.5872754
,,,,,,0.90346103,0.002695671,-0.008027749,0.002115665,0.005155334,1.400815967,-0.1881519,7.0331205
,,,,,,0.90047027,0.002695671,-0.008027749,0.002115665,0.005155334,1.412089137,-0.3094869,6.5273874
,,,,,,0.90133145,0.002695671,-0.008027749,0.002115665,0.005155334,1.406117477,-0.4276363,5.5478132
,,,,,,0.90448036,0.002695671,-0.008027749,0.002115665,0.005155334,1.301312887,-0.4618784,4.3680023
,,,,,,0.90173891,0.002695671,-0.008027749,0.002115665,0.005155334,1.19347813,-0.4764851,3.9649289
,,,,,,0.89952524,0.002695671,-0.008027749,0.002115665,0.005155334,1.203468087,-0.4728657,3.1802218
,,,,,,0.90038428,0.002695671,-0.008027749,0.002115665,0.005155334,1.166675706,-0.4530099,2.2558216
,,,,,,0.89948746,0.002695671,-0.008027749,0.002115665,0.005155334,1.199382113,-0.4473871,1.5496173
,,,,,,0.91279443,0.002695671,-0.008027749,0.002115665,0.005155334,1.210367927,-0.3996901,0.9555
,,,,,,0.90084824,0.002695671,-0.008027749,0.002115665,0.005155334,1.208032117,-0.3525989,0.3592747
2020/5/22 11:42,,0.1508,0.304,0.0304,27068.40423,0.89590767,0.005325671,-0.006024749,0.004153665,0.003633334,1.195982363,-0.2843126,-1.3638033
,,,,,,0.90125685,0.005325671,-0.006024749,0.004153665,0.003633334,1.204287647,-0.2926107,-1.3799139
,,,,,,0.89746777,0.005325671,-0.006024749,0.004153665,0.003633334,1.182533969,-0.3423249,-1.4374636
,,,,,,0.90339849,0.005325671,-0.006024749,0.004153665,0.003633334,1.206248767,-0.3197007,-1.470195
,,,,,,0.89934431,0.005325671,-0.006024749,0.004153665,0.003633334,1.186976916,-0.32967,-1.4838686
,,,,,,0.89495551,0.005325671,-0.006024749,0.004153665,0.003633334,1.204187527,-0.3123968,-1.5111504
,,,,,,0.89863035,0.005325671,-0.006024749,0.004153665,0.003633334,1.196278269,-0.2940774,-1.5730737
,,,,,,0.89396454,0.005325671,-0.006024749,0.004153665,0.003633334,1.207097167,-0.2854024,-1.6225954
,,,,,,0.89618832,0.005325671,-0.006024749,0.004153665,0.003633334,1.198645758,-0.2779884,-1.6652989
,,,,,,0.90293761,0.005325671,-0.006024749,0.004153665,0.003633334,1.216921207,-0.27469,-1.6466223
,,,,,,0.90103309,0.005325671,-0.006024749,0.004153665,0.003633334,1.204800317,-0.2036547,-1.5841736
,,,,,,0.89576168,0.005325671,-0.006024749,0.004153665,0.003633334,1.197253909,-0.2144741,-1.4587729
,,,,,,0.89394766,0.005325671,-0.006024749,0.004153665,0.003633334,1.19750855,-0.1593588,-1.3483029
,,,,,,0.90036632,0.005325671,-0.006024749,0.004153665,0.003633334,1.200553407,-0.1492638,-1.2008279
,,,,,,0.89731061,0.005325671,-0.006024749,0.004153665,0.003633334,1.205054917,-0.1090755,-1.2200502
2020/5/22 15:50,,0.2364,0.4503,0.0313,26774.33019,0.89647203,0.003766671,-0.005360749,-0.002441335,0.005316334,1.211359707,-0.1888701,0.244376
,,,,,,0.897177,0.003766671,-0.005360749,-0.002441335,0.005316334,1.185079392,-0.212701,0.4095621
,,,,,,0.89370627,0.003766671,-0.005360749,-0.002441335,0.005316334,1.195181252,-0.1647087,0.5679197
,,,,,,0.89581655,0.003766671,-0.005360749,-0.002441335,0.005316334,1.210536737,-0.1805606,0.7412743
,,,,,,0.90007695,0.003766671,-0.005360749,-0.002441335,0.005316334,1.194785437,-0.1352327,0.9243968
,,,,,,0.89544629,0.003766671,-0.005360749,-0.002441335,0.005316334,1.216251107,-0.1443535,1.1242103
,,,,,,0.8997708,0.003766671,-0.005360749,-0.002441335,0.005316334,1.202331437,-0.1095393,1.2663607
,,,,,,0.89890903,0.003766671,-0.005360749,-0.002441335,0.005316334,1.197949072,-0.1037817,1.3736986
,,,,,,0.90034045,0.003766671,-0.005360749,-0.002441335,0.005316334,1.190180464,-0.1094311,1.485824
,,,,,,0.89801309,0.003766671,-0.005360749,-0.002441335,0.005316334,1.205636657,-0.1316874,1.5710248
,,,,,,0.90658006,0.003766671,-0.005360749,-0.002441335,0.005316334,1.196341544,-0.1567744,1.6806968
,,,,,,0.89481442,0.003766671,-0.005360749,-0.002441335,0.005316334,1.189465329,-0.1666065,1.7811799
,,,,,,0.89851053,0.003766671,-0.005360749,-0.002441335,0.005316334,1.194462498,-0.1616541,1.7964909
,,,,,,0.90055335,0.003766671,-0.005360749,-0.002441335,0.005316334,1.197912497,-0.1509948,1.5021521
,,,,,,0.90006337,0.003766671,-0.005360749,-0.002441335,0.005316334,1.216018497,-0.2373057,1.4115127
2020/5/22 20:05,,0.1516,0.2912,0.0312,26970.01104,0.90311548,0.007967671,-0.003664749,0.004652665,-0.002206666,1.209044487,-0.1344372,1.9195812
,,,,,,0.89900371,0.007967671,-0.003664749,0.004652665,-0.002206666,1.212844797,-0.1368924,1.8288803
,,,,,,0.9061931,0.007967671,-0.003664749,0.004652665,-0.002206666,1.199637562,-0.1119037,1.7308187
,,,,,,0.89626691,0.007967671,-0.003664749,0.004652665,-0.002206666,1.201616007,-0.1214327,1.6803956
,,,,,,0.90030921,0.007967671,-0.003664749,0.004652665,-0.002206666,1.198549013,-0.0777158,1.6950305
,,,,,,0.89849024,0.007967671,-0.003664749,0.004652665,-0.002206666,1.177405807,-0.0777056,1.6179886
,,,,,,0.89688083,0.007967671,-0.003664749,0.004652665,-0.002206666,1.211772187,-0.0917036,1.5966416
,,,,,,0.90895874,0.007967671,-0.003664749,0.004652665,-0.002206666,1.191616633,-0.0777058,1.6367799
,,,,,,0.89793056,0.007967671,-0.003664749,0.004652665,-0.002206666,1.205059737,-0.0822246,1.6736942
,,,,,,0.8968716,0.007967671,-0.003664749,0.004652665,-0.002206666,1.203242147,-0.0985195,1.6848027
,,,,,,0.90559966,0.007967671,-0.003664749,0.004652665,-0.002206666,1.223402207,-0.1415419,1.6235896
,,,,,,0.90104453,0.007967671,-0.003664749,0.004652665,-0.002206666,1.194144686,-0.1895048,1.4467794
,,,,,,0.89902283,0.007967671,-0.003664749,0.004652665,-0.002206666,1.182254865,-0.2063431,1.2484192
,,,,,,0.90096236,0.007967671,-0.003664749,0.004652665,-0.002206666,1.198506042,-0.2261339,1.0700671
,,,,,,0.89888436,0.007967671,-0.003664749,0.004652665,-0.002206666,1.193800091,-0.2173737,0.879007
2020/5/29 04:00,,0.2066,0.2323,0.0438,26503.135,0.89857708,0.006995671,-0.007154749,0.007939665,-0.000551666,1.000307474,0.2849691,4.4712434
,,,,,,0.89988461,0.006995671,-0.007154749,0.007939665,-0.000551666,0.999574285,0.2583059,4.6194199
,,,,,,0.89270351,0.006995671,-0.007154749,0.007939665,-0.000551666,0.995358421,0.2726933,4.6789004
,,,,,,0.89752848,0.006995671,-0.007154749,0.007939665,-0.000551666,1.004480616,0.2673436,4.7918051
,,,,,,0.9003591,0.006995671,-0.007154749,0.007939665,-0.000551666,0.996118098,0.2842655,4.8248187
,,,,,,0.89547055,0.006995671,-0.007154749,0.007939665,-0.000551666,0.993208754,0.2719057,4.8027052
,,,,,,0.89833294,0.006995671,-0.007154749,0.007939665,-0.000551666,0.993448387,0.3420186,4.8200726
,,,,,,0.89876786,0.006995671,-0.007154749,0.007939665,-0.000551666,1.00589156,0.3701261,4.8170552
,,,,,,0.90329737,0.006995671,-0.007154749,0.007939665,-0.000551666,0.994889138,0.3710751,4.8053328
,,,,,,0.90067768,0.006995671,-0.007154749,0.007939665,-0.000551666,1.003495139,0.3332239,4.7613739
,,,,,,0.90558878,0.006995671,-0.007154749,0.007939665,-0.000551666,1.002147506,0.31462,4.7395566
,,,,,,0.90027486,0.006995671,-0.007154749,0.007939665,-0.000551666,1.004702404,0.30258,4.7329779
,,,,,,0.90275317,0.006995671,-0.007154749,0.007939665,-0.000551666,1.013812915,0.2916782,4.7435822
,,,,,,0.90385151,0.006995671,-0.007154749,0.007939665,-0.000551666,1.010477597,0.3071082,4.7224065
,,,,,,0.89549568,0.006995671,-0.007154749,0.007939665,-0.000551666,0.995100925,0.2841842,4.7548983
2020/5/29 08:00,,0.1837,0.3372,0.0408,26571.01251,0.89786241,0.008184671,-0.006646749,0.003585665,-0.004595666,0.992036121,0.2519948,5.0591932
,,,,,,0.90115186,0.008184671,-0.006646749,0.003585665,-0.004595666,0.999960109,0.3039145,5.0477634
,,,,,,0.90224735,0.008184671,-0.006646749,0.003585665,-0.004595666,1.002527593,0.3247826,5.0820842
,,,,,,0.90289458,0.008184671,-0.006646749,0.003585665,-0.004595666,0.997954872,0.2904215,5.0362541
,,,,,,0.89509909,0.008184671,-0.006646749,0.003585665,-0.004595666,1.002522071,0.2380784,4.9642191
,,,,,,0.90375243,0.008184671,-0.006646749,0.003585665,-0.004595666,1.008832265,0.257045,4.9081654
,,,,,,0.89438609,0.008184671,-0.006646749,0.003585665,-0.004595666,0.993616556,0.2522228,4.8309112
,,,,,,0.89977024,0.008184671,-0.006646749,0.003585665,-0.004595666,1.00621674,0.2750075,4.7900418
,,,,,,0.89878941,0.008184671,-0.006646749,0.003585665,-0.004595666,0.99758289,0.2746115,4.720696
,,,,,,0.89829051,0.008184671,-0.006646749,0.003585665,-0.004595666,0.989288144,0.362165,4.5688184
,,,,,,0.89759286,0.008184671,-0.006646749,0.003585665,-0.004595666,0.994986129,0.3628213,4.408067
,,,,,,0.89310133,0.008184671,-0.006646749,0.003585665,-0.004595666,1.002464914,0.3712494,4.3363608
,,,,,,0.90057795,0.008184671,-0.006646749,0.003585665,-0.004595666,1.018802761,0.3821245,4.3427881
,,,,,,0.89874318,0.008184671,-0.006646749,0.003585665,-0.004595666,1.001013921,0.3588044,4.2549111
,,,,,,0.89818494,0.008184671,-0.006646749,0.003585665,-0.004595666,0.998476299,0.3587942,4.1572612
2020/5/29 12:00,,0.1827,0.2264,0.044,26277.24414,0.9025195,0.009559671,-0.006074749,0.008723665,-0.005273666,1.003027644,0.2960353,3.7111577
,,,,,,0.89826007,0.009559671,-0.006074749,0.008723665,-0.005273666,1.006339473,0.2738477,3.6477452
,,,,,,0.89697835,0.009559671,-0.006074749,0.008723665,-0.005273666,1.001030767,0.3069189,3.8016631
,,,,,,0.90650213,0.009559671,-0.006074749,0.008723665,-0.005273666,1.003747974,0.3243766,3.7251845
,,,,,,0.89968628,0.009559671,-0.006074749,0.008723665,-0.005273666,0.992977208,0.3259157,3.6487688
,,,,,,0.90573798,0.009559671,-0.006074749,0.008723665,-0.005273666,0.981274213,0.3638741,3.9259743
,,,,,,0.89995312,0.009559671,-0.006074749,0.008723665,-0.005273666,0.990315448,0.3800422,4.2706344
,,,,,,0.89658174,0.009559671,-0.006074749,0.008723665,-0.005273666,0.99809886,0.4189442,4.3502165
,,,,,,0.90323012,0.009559671,-0.006074749,0.008723665,-0.005273666,1.006398039,0.3647966,4.3324325
,,,,,,0.89877827,0.009559671,-0.006074749,0.008723665,-0.005273666,1.007257781,0.3789687,4.4427044
,,,,,,0.89393239,0.009559671,-0.006074749,0.008723665,-0.005273666,1.00248261,0.3752022,4.6651429
,,,,,,0.90013383,0.009559671,-0.006074749,0.008723665,-0.005273666,0.983137659,0.3825731,4.7421597
,,,,,,0.89632032,0.009559671,-0.006074749,0.008723665,-0.005273666,0.997943759,0.3628698,4.6939261
,,,,,,0.8964457,0.009559671,-0.006074749,0.008723665,-0.005273666,1.007704495,0.2903454,4.6484131
,,,,,,0.90599823,0.009559671,-0.006074749,0.008723665,-0.005273666,1.023737232,0.275085,4.5479448
2020/5/29 15:50,,0.1605,0.2943,0.045,26324.11677,0.89826271,0.006422671,-0.007628749,0.005105665,-0.002391666,1.006501775,0.4451552,4.309953
,,,,,,0.89640933,0.006422671,-0.007628749,0.005105665,-0.002391666,0.996830676,0.3530908,4.1680457
,,,,,,0.8972277,0.006422671,-0.007628749,0.005105665,-0.002391666,0.9878613,0.3119388,3.8122455
,,,,,,0.90592306,0.006422671,-0.007628749,0.005105665,-0.002391666,0.999975976,0.2358799,3.3759969
,,,,,,0.89687704,0.006422671,-0.007628749,0.005105665,-0.002391666,1.005777399,0.2281544,3.0069877
,,,,,,0.9025321,0.006422671,-0.007628749,0.005105665,-0.002391666,1.000889437,0.1995058,2.9812539
,,,,,,0.9025876,0.006422671,-0.007628749,0.005105665,-0.002391666,0.999566014,0.2625014,2.770264
,,,,,,0.90045777,0.006422671,-0.007628749,0.005105665,-0.002391666,1.002576082,0.2819944,2.6589154
,,,,,,0.89830468,0.006422671,-0.007628749,0.005105665,-0.002391666,1.004419685,0.2539525,2.6930213
,,,,,,0.89701257,0.006422671,-0.007628749,0.005105665,-0.002391666,1.000095181,0.3281689,2.5740164
,,,,,,0.89731653,0.006422671,-0.007628749,0.005105665,-0.002391666,0.997526483,0.4227372,2.6598998
,,,,,,0.90015522,0.006422671,-0.007628749,0.005105665,-0.002391666,0.994559242,0.4197997,3.0923906
,,,,,,0.90075309,0.006422671,-0.007628749,0.005105665,-0.002391666,0.995125705,0.4263703,3.4461331
,,,,,,0.89979195,0.006422671,-0.007628749,0.005105665,-0.002391666,0.98992762,0.4546566,3.8412592
,,,,,,0.90250145,0.006422671,-0.007628749,0.005105665,-0.002391666,0.979966713,0.4611449,4.236553
2020/5/29 19:30,,0.1895,0.2066,0.0463,26697.45633,0.9016226,0.007661671,-0.006465749,0.004135665,0.002816334,0.988739477,0.3420804,3.2920678
,,,,,,0.89868026,0.007661671,-0.006465749,0.004135665,0.002816334,1.01134407,0.3447982,3.2999011
,,,,,,0.90034367,0.007661671,-0.006465749,0.004135665,0.002816334,1.008835632,0.3563843,3.3718662
,,,,,,0.89986055,0.007661671,-0.006465749,0.004135665,0.002816334,0.988185121,0.3698405,3.4937184
,,,,,,0.90180335,0.007661671,-0.006465749,0.004135665,0.002816334,0.991651888,0.3798279,3.5872191
,,,,,,0.89869557,0.007661671,-0.006465749,0.004135665,0.002816334,1.009443582,0.4002754,3.6045957
,,,,,,0.89910007,0.007661671,-0.006465749,0.004135665,0.002816334,0.988714126,0.4251157,3.8041114
,,,,,,0.90235529,0.007661671,-0.006465749,0.004135665,0.002816334,1.002306698,0.3937371,4.0257551
,,,,,,0.9002359,0.007661671,-0.006465749,0.004135665,0.002816334,1.005944469,0.3130762,4.1616913
,,,,,,0.89904709,0.007661671,-0.006465749,0.004135665,0.002816334,1.004674118,0.3430264,3.9882162
,,,,,,0.90039151,0.007661671,-0.006465749,0.004135665,0.002816334,0.999331751,0.3127393,3.8808406
,,,,,,0.9025502,0.007661671,-0.006465749,0.004135665,0.002816334,1.001496126,0.2596849,3.7161432
,,,,,,0.89996316,0.007661671,-0.006465749,0.004135665,0.002816334,1.005297651,0.2561295,3.4122218
,,,,,,0.90365799,0.007661671,-0.006465749,0.004135665,0.002816334,1.006873619,0.2615401,3.1588699
,,,,,,0.89698648,0.007661671,-0.006465749,0.004135665,0.002816334,0.999702829,0.2880405,2.9780782
2020/6/5 04:00,,0.1859,0.3225,0.0487,26243.78127,0.39541211,0.006725671,-0.003275749,0.004022665,-0.000507666,0.989088724,0.2830738,-1.0267019
,,,,,,0.4024163,0.006725671,-0.003275749,0.004022665,-0.000507666,1.000455131,0.3000658,-0.9943141
,,,,,,0.4001639,0.006725671,-0.003275749,0.004022665,-0.000507666,0.994261744,0.3271527,-0.9263295
,,,,,,0.39674942,0.006725671,-0.003275749,0.004022665,-0.000507666,1.026360344,0.3148478,-0.8404514
,,,,,,0.3972681,0.006725671,-0.003275749,0.004022665,-0.000507666,0.990950335,0.311524,-0.7728477
,,,,,,0.40235168,0.006725671,-0.003275749,0.004022665,-0.000507666,1.005796767,0.2986225,-0.6577601
,,,,,,0.40170989,0.006725671,-0.003275749,0.004022665,-0.000507666,1.010065384,0.2677326,-0.5695491
,,,,,,0.3974785,0.006725671,-0.003275749,0.004022665,-0.000507666,0.996498489,0.2575054,-0.546522
,,,,,,0.40699192,0.006725671,-0.003275749,0.004022665,-0.000507666,1.005052642,0.2390816,-0.6207095
,,,,,,0.39047425,0.006725671,-0.003275749,0.004022665,-0.000507666,0.9961872,0.1983579,-0.7268818
,,,,,,0.40450736,0.006725671,-0.003275749,0.004022665,-0.000507666,0.994305234,0.1847865,-0.8031665
,,,,,,0.39954602,0.006725671,-0.003275749,0.004022665,-0.000507666,0.989294372,0.1891093,-0.7992259
,,,,,,0.40800399,0.006725671,-0.003275749,0.004022665,-0.000507666,1.012762917,0.1886733,-0.7637235
,,,,,,0.39726546,0.006725671,-0.003275749,0.004022665,-0.000507666,1.003357503,0.1943709,-0.6951704
,,,,,,0.39894112,0.006725671,-0.003275749,0.004022665,-0.000507666,0.995964701,0.2254967,-0.6178159
2020/6/5 08:00,,0.1725,0.2992,0.0505,26181.69793,0.39904351,0.005704671,-0.004090749,0.001547665,-0.001695666,0.972495237,0.2494117,0.7131697
,,,,,,0.39725032,0.005704671,-0.004090749,0.001547665,-0.001695666,0.995595342,0.2819223,0.7422028
,,,,,,0.39579526,0.005704671,-0.004090749,0.001547665,-0.001695666,0.991575983,0.2518216,0.7899805
,,,,,,0.40386342,0.005704671,-0.004090749,0.001547665,-0.001695666,1.008889531,0.253814,0.9193437
,,,,,,0.39427623,0.005704671,-0.004090749,0.001547665,-0.001695666,0.994725065,0.3466656,1.01752
,,,,,,0.40051264,0.005704671,-0.004090749,0.001547665,-0.001695666,1.009063802,0.3792947,1.0597292
,,,,,,0.39857347,0.005704671,-0.004090749,0.001547665,-0.001695666,0.983807444,0.3905027,1.0673253
,,,,,,0.39453176,0.005704671,-0.004090749,0.001547665,-0.001695666,1.00443569,0.3912657,1.0842191
,,,,,,0.40581463,0.005704671,-0.004090749,0.001547665,-0.001695666,1.001501545,0.3767446,1.1271409
,,,,,,0.39955845,0.005704671,-0.004090749,0.001547665,-0.001695666,1.002741326,0.3409842,1.2273284
,,,,,,0.39681596,0.005704671,-0.004090749,0.001547665,-0.001695666,0.99178098,0.2843737,1.3177252
,,,,,,0.40122801,0.005704671,-0.004090749,0.001547665,-0.001695666,0.992843006,0.2202292,1.3312371
,,,,,,0.39239613,0.005704671,-0.004090749,0.001547665,-0.001695666,1.007504985,0.1996874,1.317926
,,,,,,0.40617433,0.005704671,-0.004090749,0.001547665,-0.001695666,0.989460179,0.215679,1.2753488
,,,,,,0.39787665,0.005704671,-0.004090749,0.001547665,-0.001695666,0.997079407,0.2135557,1.2359655
2020/6/5 12:00,,0.1563,0.2877,0.0485,26122.65124,0.59912759,0.007363671,-0.003500749,0.005198665,-0.002196666,1.025047057,0.3239674,-0.1027087
,,,,,,0.60182905,0.007363671,-0.003500749,0.005198665,-0.002196666,0.9956488,0.3229855,-0.0891655
,,,,,,0.60347219,0.007363671,-0.003500749,0.005198665,-0.002196666,1.004461793,0.341614,-0.1128879
,,,,,,0.59655211,0.007363671,-0.003500749,0.005198665,-0.002196666,0.998720244,0.3359138,-0.099029
,,,,,,0.59911487,0.007363671,-0.003500749,0.005198665,-0.002196666,1.003503248,0.3258119,-0.0417302
,,,,,,0.60217923,0.007363671,-0.003500749,0.005198665,-0.002196666,0.999248929,0.3386281,-0.0547729
,,,,,,0.59558221,0.007363671,-0.003500749,0.005198665,-0.002196666,0.992749517,0.3362617,-0.1912175
,,,,,,0.60418628,0.007363671,-0.003500749,0.005198665,-0.002196666,1.007822264,0.3596938,-0.2273189
,,,,,,0.60473276,0.007363671,-0.003500749,0.005198665,-0.002196666,1.003277862,0.3556202,-0.1999925
,,,,,,0.5983339,0.007363671,-0.003500749,0.005198665,-0.002196666,1.003669164,0.3330612,-0.0337765
,,,,,,0.60029235,0.007363671,-0.003500749,0.005198665,-0.002196666,0.99521845,0.3867478,0.0932816
,,,,,,0.59862057,0.007363671,-0.003500749,0.005198665,-0.002196666,0.998977621,0.3369322,0.2763867
,,,,,,0.5989941,0.007363671,-0.003500749,0.005198665,-0.002196666,1.009436158,0.3841393,0.4677209
,,,,,,0.60195889,0.007363671,-0.003500749,0.005198665,-0.002196666,0.992066615,0.3753014,0.6992749
,,,,,,0.60486553,0.007363671,-0.003500749,0.005198665,-0.002196666,0.994301557,0.3873909,0.7820987
2020/6/5 16:00,,0.1688,0.2862,0.0522,26112.07249,0.60334845,0.005989671,-0.003765749,0.002606665,-0.003688666,1.001299344,0.3228438,0.5977844
,,,,,,0.60191373,0.005989671,-0.003765749,0.002606665,-0.003688666,0.996169021,0.3170958,0.6388836
,,,,,,0.5967093,0.005989671,-0.003765749,0.002606665,-0.003688666,1.008576856,0.3297821,0.6202205
,,,,,,0.60017238,0.005989671,-0.003765749,0.002606665,-0.003688666,0.979087619,0.3395375,0.5956061
,,,,,,0.60277073,0.005989671,-0.003765749,0.002606665,-0.003688666,1.004395085,0.3361084,0.5936985
,,,,,,0.59682056,0.005989671,-0.003765749,0.002606665,-0.003688666,1.000044847,0.3313114,0.6505093
,,,,,,0.59828588,0.005989671,-0.003765749,0.002606665,-0.003688666,1.00217314,0.3484,0.6917738
,,,,,,0.6039476,0.005989671,-0.003765749,0.002606665,-0.003688666,1.003789288,0.3623221,0.6775192
,,,,,,0.59717199,0.005989671,-0.003765749,0.002606665,-0.003688666,0.989968147,0.3522333,0.7240888
,,,,,,0.60106737,0.005989671,-0.003765749,0.002606665,-0.003688666,0.982745148,0.3409619,0.7322025
,,,,,,0.59986357,0.005989671,-0.003765749,0.002606665,-0.003688666,1.002286759,0.3515894,0.7170003
,,,,,,0.59993354,0.005989671,-0.003765749,0.002606665,-0.003688666,1.019984862,0.3434374,0.703302
,,,,,,0.60686922,0.005989671,-0.003765749,0.002606665,-0.003688666,1.000471852,0.3204039,0.6830796
,,,,,,0.5997658,0.005989671,-0.003765749,0.002606665,-0.003688666,0.995408343,0.2978696,0.6657186
,,,,,,0.59809416,0.005989671,-0.003765749,0.002606665,-0.003688666,1.003248462,0.3170345,0.6392778
2020/6/5 20:00,,0.1357,0.2579,0.0532,26214.41375,0.59826826,0.007349671,-0.002865749,0.004248665,-0.001881666,1.007624779,0.2716638,-1.0668169
,,,,,,0.60242741,0.007349671,-0.002865749,0.004248665,-0.001881666,0.993919267,0.23897,-1.241185
,,,,,,0.59810875,0.007349671,-0.002865749,0.004248665,-0.001881666,0.995408541,0.2202252,-1.4472326
,,,,,,0.5973835,0.007349671,-0.002865749,0.004248665,-0.001881666,0.994942143,0.1971026,-1.4690589
,,,,,,0.60023338,0.007349671,-0.002865749,0.004248665,-0.001881666,0.993284838,0.2158361,-1.4254814
,,,,,,0.59581548,0.007349671,-0.002865749,0.004248665,-0.001881666,1.007436044,0.2587428,-1.3146487
,,,,,,0.60939299,0.007349671,-0.002865749,0.004248665,-0.001881666,1.003571628,0.2945781,-1.2854909
,,,,,,0.60302899,0.007349671,-0.002865749,0.004248665,-0.001881666,0.99024272,0.2570225,-1.2631466
,,,,,,0.59441221,0.007349671,-0.002865749,0.004248665,-0.001881666,1.015347891,0.2730798,-1.2803302
,,,,,,0.59802116,0.007349671,-0.002865749,0.004248665,-0.001881666,0.99040007,0.2725088,-1.3178116
,,,,,,0.60215768,0.007349671,-0.002865749,0.004248665,-0.001881666,0.99084156,0.2559289,-1.3501135
,,,,,,0.60035265,0.007349671,-0.002865749,0.004248665,-0.001881666,1.010237509,0.2073094,-1.4000548
,,,,,,0.60101549,0.007349671,-0.002865749,0.004248665,-0.001881666,0.985395369,0.1780419,-1.4292901
,,,,,,0.60004953,0.007349671,-0.002865749,0.004248665,-0.001881666,0.997466376,0.1881612,-1.4863049
,,,,,,0.59700115,0.007349671,-0.002865749,0.004248665,-0.001881666,0.983423347,0.186209,-1.5097068
2020/6/12 04:00,,0.1725,0.2716,0.0539,27204.55128,0.6018762,0.001657671,-0.000477749,0.005249665,0.000503334,0.496283364,0.3319173,-1.1133889
,,,,,,0.59964977,0.001657671,-0.000477749,0.005249665,0.000503334,0.500923038,0.3698002,-1.0877973
,,,,,,0.60071971,0.001657671,-0.000477749,0.005249665,0.000503334,0.499054447,0.3888238,-1.064299
,,,,,,0.59598933,0.001657671,-0.000477749,0.005249665,0.000503334,0.498294403,0.4096361,-1.0454264
,,,,,,0.60038943,0.001657671,-0.000477749,0.005249665,0.000503334,0.499801754,0.4253395,-1.0327506
,,,,,,0.59965002,0.001657671,-0.000477749,0.005249665,0.000503334,0.518189125,0.4419894,-1.0571687
,,,,,,0.60119304,0.001657671,-0.000477749,0.005249665,0.000503334,0.491447868,0.4725748,-1.0750108
,,,,,,0.60126331,0.001657671,-0.000477749,0.005249665,0.000503334,0.498264686,0.4667762,-1.1893628
,,,,,,0.61270377,0.001657671,-0.000477749,0.005249665,0.000503334,0.516700673,0.4080801,-1.2732581
,,,,,,0.59984252,0.001657671,-0.000477749,0.005249665,0.000503334,0.507203345,0.2965319,-1.3315816
,,,,,,0.59990617,0.001657671,-0.000477749,0.005249665,0.000503334,0.481030289,0.2927507,-1.2941107
,,,,,,0.60268255,0.001657671,-0.000477749,0.005249665,0.000503334,0.495716673,0.2419879,-1.3103047
,,,,,,0.59840278,0.001657671,-0.000477749,0.005249665,0.000503334,0.507270369,0.2908554,-1.3000565
,,,,,,0.60362563,0.001657671,-0.000477749,0.005249665,0.000503334,0.507368775,0.3211747,-1.3099826
,,,,,,0.60413889,0.001657671,-0.000477749,0.005249665,0.000503334,0.52071223,0.3371143,-1.2826056
2020/6/12 08:00,,0.1655,0.2795,0.0577,26917.90849,0.59807945,-0.000803329,-0.001211749,0.003847665,-0.001592666,0.500895075,0.3956485,-1.1014593
,,,,,,0.59849707,-0.000803329,-0.001211749,0.003847665,-0.001592666,0.502132952,0.4177993,-1.1101952
,,,,,,0.60604642,-0.000803329,-0.001211749,0.003847665,-0.001592666,0.503344783,0.4278567,-1.1383432
,,,,,,0.60411746,-0.000803329,-0.001211749,0.003847665,-0.001592666,0.528813936,0.4552911,-1.231832
,,,,,,0.59818668,-0.000803329,-0.001211749,0.003847665,-0.001592666,0.495403021,0.5883278,-1.1599146
,,,,,,0.60237107,-0.000803329,-0.001211749,0.003847665,-0.001592666,0.480847837,0.4972631,-1.0158201
,,,,,,0.59628055,-0.000803329,-0.001211749,0.003847665,-0.001592666,0.501191781,0.5633851,-0.9840601
,,,,,,0.60240231,-0.000803329,-0.001211749,0.003847665,-0.001592666,0.507287861,0.5869706,-1.0444109
,,,,,,0.60732508,-0.000803329,-0.001211749,0.003847665,-0.001592666,0.492173027,0.3503567,-1.1190415
,,,,,,0.59931613,-0.000803329,-0.001211749,0.003847665,-0.001592666,0.499708546,0.2316368,-1.2009688
,,,,,,0.59900218,-0.000803329,-0.001211749,0.003847665,-0.001592666,0.506690909,0.1915327,-1.2025189
,,,,,,0.59998049,-0.000803329,-0.001211749,0.003847665,-0.001592666,0.508066046,0.2486011,-1.2081137
,,,,,,0.59605424,-0.000803329,-0.001211749,0.003847665,-0.001592666,0.50324239,0.2908566,-1.1691448
,,,,,,0.59136647,-0.000803329,-0.001211749,0.003847665,-0.001592666,0.491213366,0.3579217,-1.1689774
,,,,,,0.60071122,-0.000803329,-0.001211749,0.003847665,-0.001592666,0.493685633,0.4766397,-1.1194584
2020/6/12 12:00,,0.1645,0.3012,0.0558,27006.07974,0.59645902,0.002664671,-0.000233749,0.006522665,-0.001995666,0.498138505,0.5392618,-0.9803514
,,,,,,0.59736355,0.002664671,-0.000233749,0.006522665,-0.001995666,0.505706139,0.5156305,-0.9811889
,,,,,,0.59677722,0.002664671,-0.000233749,0.006522665,-0.001995666,0.495175467,0.4587647,-1.0030144
,,,,,,0.60304258,0.002664671,-0.000233749,0.006522665,-0.001995666,0.498022177,0.3942419,-1.0075426
,,,,,,0.60053822,0.002664671,-0.000233749,0.006522665,-0.001995666,0.512791,0.3909059,-0.9930659
,,,,,,0.60005643,0.002664671,-0.000233749,0.006522665,-0.001995666,0.498924323,0.405593,-1.0014102
,,,,,,0.59996034,0.002664671,-0.000233749,0.006522665,-0.001995666,0.491338459,0.4087195,-1.0251036
,,,,,,0.60207376,0.002664671,-0.000233749,0.006522665,-0.001995666,0.508592238,0.3196935,-1.0021348
,,,,,,0.60071521,0.002664671,-0.000233749,0.006522665,-0.001995666,0.499417861,0.2537053,-1.0465844
,,,,,,0.6031272,0.002664671,-0.000233749,0.006522665,-0.001995666,0.493069902,0.2326826,-1.0896241
,,,,,,0.59762591,0.002664671,-0.000233749,0.006522665,-0.001995666,0.510440374,0.2446348,-1.1267268
,,,,,,0.60215751,0.002664671,-0.000233749,0.006522665,-0.001995666,0.499275191,0.2872649,-1.1261479
,,,,,,0.5977558,0.002664671,-0.000233749,0.006522665,-0.001995666,0.505674241,0.3298478,-1.1324176
,,,,,,0.60419069,0.002664671,-0.000233749,0.006522665,-0.001995666,0.501320122,0.3707181,-1.123457
,,,,,,0.59993077,0.002664671,-0.000233749,0.006522665,-0.001995666,0.506759359,0.4389172,-1.1381583
2020/6/12 16:00,,0.192,0.3696,0.054,27095.19941,0.60536383,4.47E-05,1.93E-05,0.004047665,-0.002588666,0.504390672,0.4858399,-0.9238696
,,,,,,0.60437865,4.47E-05,1.93E-05,0.004047665,-0.002588666,0.498247469,0.4206565,-0.9604988
,,,,,,0.59734975,4.47E-05,1.93E-05,0.004047665,-0.002588666,0.497731459,0.4285715,-0.9199166
,,,,,,0.60074777,4.47E-05,1.93E-05,0.004047665,-0.002588666,0.490643955,0.3966758,-0.9253591
,,,,,,0.60165409,4.47E-05,1.93E-05,0.004047665,-0.002588666,0.504509692,0.3936402,-0.9236706
,,,,,,0.59579755,4.47E-05,1.93E-05,0.004047665,-0.002588666,0.50492776,0.4306819,-0.972989
,,,,,,0.59752265,4.47E-05,1.93E-05,0.004047665,-0.002588666,0.499979013,0.4563837,-1.0315707
,,,,,,0.60301802,4.47E-05,1.93E-05,0.004047665,-0.002588666,0.502095779,0.4830964,-1.0751708
,,,,,,0.5932688,4.47E-05,1.93E-05,0.004047665,-0.002588666,0.501529507,0.5427654,-1.1052439
,,,,,,0.59535712,4.47E-05,1.93E-05,0.004047665,-0.002588666,0.504077709,0.5818509,-1.1215894
,,,,,,0.59836063,4.47E-05,1.93E-05,0.004047665,-0.002588666,0.490556727,0.5087133,-1.1346742
,,,,,,0.59898441,4.47E-05,1.93E-05,0.004047665,-0.002588666,0.495802752,0.5098952,-1.1563562
,,,,,,0.60350397,4.47E-05,1.93E-05,0.004047665,-0.002588666,0.496712255,0.4676922,-1.1664103
,,,,,,0.59708269,4.47E-05,1.93E-05,0.004047665,-0.002588666,0.516214296,0.5434322,-1.1258847
,,,,,,0.60180552,4.47E-05,1.93E-05,0.004047665,-0.002588666,0.500257273,0.5068643,-1.053076
2020/6/12 20:00,,0.167,0.3199,0.0502,26711.80798,0.59945632,0.001886671,0.000510251,0.006534665,-0.001592666,0.68779236,0.7428861,-0.4803893
,,,,,,0.60466045,0.001886671,0.000510251,0.006534665,-0.001592666,0.711759948,0.7645027,-0.4046248
,,,,,,0.59786567,0.001886671,0.000510251,0.006534665,-0.001592666,0.715556361,0.7892556,-0.3805716
,,,,,,0.60187107,0.001886671,0.000510251,0.006534665,-0.001592666,0.705762772,0.7650161,-0.3922561
,,,,,,0.60183568,0.001886671,0.000510251,0.006534665,-0.001592666,0.703055062,0.7575157,-0.5016948
,,,,,,0.60014665,0.001886671,0.000510251,0.006534665,-0.001592666,0.706289096,0.7011491,-0.8253548
,,,,,,0.609031,0.001886671,0.000510251,0.006534665,-0.001592666,0.690429236,0.6720596,-0.949266
,,,,,,0.60207477,0.001886671,0.000510251,0.006534665,-0.001592666,0.706143497,0.6767279,-0.7553659
,,,,,,0.59642111,0.001886671,0.000510251,0.006534665,-0.001592666,0.686523545,0.7553025,-0.6077712
,,,,,,0.59773137,0.001886671,0.000510251,0.006534665,-0.001592666,0.718741288,0.9213803,-0.5282528
,,,,,,0.60418788,0.001886671,0.000510251,0.006534665,-0.001592666,0.709451812,0.8451422,-0.5077828
,,,,,,0.60351973,0.001886671,0.000510251,0.006534665,-0.001592666,0.711727628,0.6963126,-0.6075016
,,,,,,0.59753844,0.001886671,0.000510251,0.006534665,-0.001592666,0.697222243,0.6941783,-0.6767914
,,,,,,0.60098761,0.001886671,0.000510251,0.006534665,-0.001592666,0.703080657,0.6981086,-0.6861028
,,,,,,0.59598649,0.001886671,0.000510251,0.006534665,-0.001592666,0.680619306,0.7958455,-0.667701
2020/6/19 04:00,,0.1409,0.2913,0.0577,26984.22009,0.4063389,0.006623671,-0.001854749,0.000768665,-0.001894666,0.212718153,-0.0629601,-0.5998119
,,,,,,0.40328759,0.006623671,-0.001854749,0.000768665,-0.001894666,0.198385176,-0.0661716,-0.6423746
,,,,,,0.39560731,0.006623671,-0.001854749,0.000768665,-0.001894666,0.199262812,-0.0354719,-0.6178011
,,,,,,0.3934693,0.006623671,-0.001854749,0.000768665,-0.001894666,0.205811041,-0.0625615,-0.6486741
,,,,,,0.39679963,0.006623671,-0.001854749,0.000768665,-0.001894666,0.192112393,-0.0418014,-0.6640644
,,,,,,0.39930018,0.006623671,-0.001854749,0.000768665,-0.001894666,0.202070161,-0.0019625,-0.6926962
,,,,,,0.4048494,0.006623671,-0.001854749,0.000768665,-0.001894666,0.196839709,-0.0422785,-0.726066
,,,,,,0.39977645,0.006623671,-0.001854749,0.000768665,-0.001894666,0.202368608,-0.0847944,-0.7612285
,,,,,,0.40220369,0.006623671,-0.001854749,0.000768665,-0.001894666,0.199005396,-0.1070253,-0.7910145
,,,,,,0.39718216,0.006623671,-0.001854749,0.000768665,-0.001894666,0.20009605,-0.1124867,-0.8197331
,,,,,,0.40093667,0.006623671,-0.001854749,0.000768665,-0.001894666,0.204731015,-0.0937769,-0.835708
,,,,,,0.3915927,0.006623671,-0.001854749,0.000768665,-0.001894666,0.200233244,-0.0935127,-0.8415939
,,,,,,0.40083449,0.006623671,-0.001854749,0.000768665,-0.001894666,0.204800712,-0.093861,-0.8471462
,,,,,,0.40062658,0.006623671,-0.001854749,0.000768665,-0.001894666,0.196930134,-0.081845,-0.8621977
,,,,,,0.39725931,0.006623671,-0.001854749,0.000768665,-0.001894666,0.20392755,-0.0543937,-0.906736
2020/6/19 08:00,,0.1533,0.3237,0.0521,27062.76662,0.40055357,0.004880671,-0.003067749,-1.33E-05,0.000314334,0.0988961,-0.0545178,-0.6884202
,,,,,,0.39662273,0.004880671,-0.003067749,-1.33E-05,0.000314334,0.092233333,-0.0200323,-0.6597463
,,,,,,0.40745564,0.004880671,-0.003067749,-1.33E-05,0.000314334,0.101037713,-0.031738,-0.6377167
,,,,,,0.39430403,0.004880671,-0.003067749,-1.33E-05,0.000314334,0.096234795,-0.0858869,-0.6331436
,,,,,,0.39866026,0.004880671,-0.003067749,-1.33E-05,0.000314334,0.102635887,-0.0578357,-0.5959568
,,,,,,0.40346579,0.004880671,-0.003067749,-1.33E-05,0.000314334,0.101744869,-0.0494506,-0.6136833
,,,,,,0.39993154,0.004880671,-0.003067749,-1.33E-05,0.000314334,0.086070184,-0.0554317,-0.5775484
,,,,,,0.39812868,0.004880671,-0.003067749,-1.33E-05,0.000314334,0.103393947,-0.065015,-0.5715994
,,,,,,0.40138932,0.004880671,-0.003067749,-1.33E-05,0.000314334,0.10887792,-0.0883907,-0.5927237
,,,,,,0.40369653,0.004880671,-0.003067749,-1.33E-05,0.000314334,0.095764188,-0.0561737,-0.5723398
,,,,,,0.40128598,0.004880671,-0.003067749,-1.33E-05,0.000314334,0.105907457,-0.063471,-0.5312849
,,,,,,0.39495079,0.004880671,-0.003067749,-1.33E-05,0.000314334,0.095903645,-0.0606541,-0.5110071
,,,,,,0.39940244,0.004880671,-0.003067749,-1.33E-05,0.000314334,0.10082249,-0.0555688,-0.4855576
,,,,,,0.3993478,0.004880671,-0.003067749,-1.33E-05,0.000314334,0.09831545,-0.0575925,-0.4276358
,,,,,,0.40282023,0.004880671,-0.003067749,-1.33E-05,0.000314334,0.093083872,-0.0661293,-0.3956545
2020/6/19 12:00,,0.1517,0.2594,0.0621,27041.10591,0.3992678,0.004947671,-0.002131749,0.003515665,3.33E-06,0.100166943,-0.1313331,-0.9425601
,,,,,,0.40023778,0.004947671,-0.002131749,0.003515665,3.33E-06,0.105148458,-0.1956391,-0.9890712
,,,,,,0.39856279,0.004947671,-0.002131749,0.003515665,3.33E-06,0.100014382,-0.1935443,-0.9983768
,,,,,,0.40409034,0.004947671,-0.002131749,0.003515665,3.33E-06,0.121465221,-0.1941289,-1.0282241
,,,,,,0.39603227,0.004947671,-0.002131749,0.003515665,3.33E-06,0.095135005,-0.2446103,-1.0768877
,,,,,,0.39607532,0.004947671,-0.002131749,0.003515665,3.33E-06,0.088000873,-0.222962,-1.0855498
,,,,,,0.40374121,0.004947671,-0.002131749,0.003515665,3.33E-06,0.110901583,-0.2111048,-1.0767443
,,,,,,0.40300102,0.004947671,-0.002131749,0.003515665,3.33E-06,0.097099471,-0.161747,-1.0628077
,,,,,,0.39816878,0.004947671,-0.002131749,0.003515665,3.33E-06,0.102549283,-0.2162805,-1.0740953
,,,,,,0.40137715,0.004947671,-0.002131749,0.003515665,3.33E-06,0.0955303,-0.1734955,-1.0899487
,,,,,,0.40175275,0.004947671,-0.002131749,0.003515665,3.33E-06,0.102324142,-0.1693232,-1.1188579
,,,,,,0.3964413,0.004947671,-0.002131749,0.003515665,3.33E-06,0.102089232,-0.1832108,-1.1130872
,,,,,,0.40245444,0.004947671,-0.002131749,0.003515665,3.33E-06,0.101938329,-0.1638385,-1.1200671
,,,,,,0.40336788,0.004947671,-0.002131749,0.003515665,3.33E-06,0.113042481,-0.1625978,-1.1014422
,,,,,,0.39760577,0.004947671,-0.002131749,0.003515665,3.33E-06,0.091736901,-0.2195296,-1.0958252
2020/6/19 16:00,,0.1556,0.327,0.0592,27205.57457,0.3941605,0.004318671,-0.004411749,0.000428665,0.001303334,0.100202302,-0.1657697,-1.2238123
,,,,,,0.39734701,0.004318671,-0.004411749,0.000428665,0.001303334,0.106841936,-0.12919,-1.1480917
,,,,,,0.39922766,0.004318671,-0.004411749,0.000428665,0.001303334,0.099786956,-0.1397393,-1.1275083
,,,,,,0.39995261,0.004318671,-0.004411749,0.000428665,0.001303334,0.102804084,-0.117497,-1.1631074
,,,,,,0.39849255,0.004318671,-0.004411749,0.000428665,0.001303334,0.097754541,-0.1446938,-1.2250397
,,,,,,0.40275721,0.004318671,-0.004411749,0.000428665,0.001303334,0.10035687,-0.18749,-1.2271553
,,,,,,0.39975282,0.004318671,-0.004411749,0.000428665,0.001303334,0.097411044,-0.1847986,-1.2471519
,,,,,,0.40101366,0.004318671,-0.004411749,0.000428665,0.001303334,0.099070162,-0.1361488,-1.2502352
,,,,,,0.40010405,0.004318671,-0.004411749,0.000428665,0.001303334,0.087401798,-0.1688833,-1.3579602
,,,,,,0.40189193,0.004318671,-0.004411749,0.000428665,0.001303334,0.104094376,-0.1687726,-1.4937543
,,,,,,0.40284449,0.004318671,-0.004411749,0.000428665,0.001303334,0.098903715,-0.2213735,-1.5106442
,,,,,,0.40135409,0.004318671,-0.004411749,0.000428665,0.001303334,0.098502193,-0.2435591,-1.567583
,,,,,,0.40209202,0.004318671,-0.004411749,0.000428665,0.001303334,0.105666658,-0.2983861,-1.6347904
,,,,,,0.401802,0.004318671,-0.004411749,0.000428665,0.001303334,0.0932992,-0.2890563,-1.6765613
,,,,,,0.40219726,0.004318671,-0.004411749,0.000428665,0.001303334,0.101720322,-0.2874954,-1.6744443
2020/6/19 20:00,,0.2275,0.4809,0.0596,26865.40602,0.40392859,0.006252671,-0.003730749,0.003198665,0.000414334,0.09771276,-0.1981739,2.6852434
,,,,,,0.39741183,0.006252671,-0.003730749,0.003198665,0.000414334,0.087174991,-0.2398943,2.4625563
,,,,,,0.40447504,0.006252671,-0.003730749,0.003198665,0.000414334,0.100146236,-0.2936786,2.4781654
,,,,,,0.40296334,0.006252671,-0.003730749,0.003198665,0.000414334,0.109515702,-0.3131011,2.7347581
,,,,,,0.40124004,0.006252671,-0.003730749,0.003198665,0.000414334,0.102869328,-0.2841089,2.8353412
,,,,,,0.39674233,0.006252671,-0.003730749,0.003198665,0.000414334,0.109102152,-0.2868803,2.4704457
,,,,,,0.40287843,0.006252671,-0.003730749,0.003198665,0.000414334,0.096094775,-0.3345931,2.4784585
,,,,,,0.39729329,0.006252671,-0.003730749,0.003198665,0.000414334,0.106458857,-0.3182842,2.6178249
,,,,,,0.39944333,0.006252671,-0.003730749,0.003198665,0.000414334,0.104414436,-0.2964914,2.8097201
,,,,,,0.39607594,0.006252671,-0.003730749,0.003198665,0.000414334,0.106117312,-0.2164742,3.2037343
,,,,,,0.39739651,0.006252671,-0.003730749,0.003198665,0.000414334,0.102978447,-0.2176743,3.6343932
,,,,,,0.40376083,0.006252671,-0.003730749,0.003198665,0.000414334,0.106972781,-0.1780831,3.5632389
,,,,,,0.40347338,0.006252671,-0.003730749,0.003198665,0.000414334,0.094132954,-0.2035077,3.6139943
,,,,,,0.39964728,0.006252671,-0.003730749,0.003198665,0.000414334,0.109996869,-0.2244592,3.6636576
,,,,,,0.40427555,0.006252671,-0.003730749,0.003198665,0.000414334,0.102885499,-0.2572363,3.8247371
